userid;email;nome;idade
139779729794472;nragybcziktqmsp@yopmail.com;ipxbkzqadhr;18
139779729835360;nvoqhxakfmbupzyewci@yopmail.com;veulgbmxnsh;36
139779729871432;oyvqglzjpwekid@yopmail.com;zqpeofhujlrmbkwcy;62
139779729871576;adykzbfelvcjtsiungpm@yopmail.com;ovratnmhdxqsg;53
139779729871792;rxqihovltpgkmsbnajydz@yopmail.com;dzceqiwsunfrptho;39
139779729872008;slqznychdftmue@yopmail.com;sxkoglwruptenac;57
139779729872152;nbkgozytqmiuvph@yopmail.com;ijtoekwvdulfcxmrsb;52
139779729872296;zlucgaohibjpd@yopmail.com;iwrobuxjvqh;26
139779729872440;osutvglwrhfmcxqkezy@yopmail.com;otwjrufynialqmkxphdcz;28
139779729872656;qazrnuwjyifpvt@yopmail.com;xhvjaszogf;42
139779729872800;enzxcyvjoplimtrfh@yopmail.com;jisdpwvbehxry;75
139779729873016;omuwfepnqrtcjbza@yopmail.com;bzhnrlfdpc;69
139779729873232;rszgiefmktdo@yopmail.com;guesnordcktpmlwax;59
139779729873376;kjhdexgowutb@yopmail.com;zdsmnewolrqvtxjkach;60
139779729873520;vbkdaompzthuwj@yopmail.com;jibxnwgdoqsu;22
139779729873664;ahbqyponldgwrkxu@yopmail.com;nsyklvjhoxdcmeqaip;70
139779729873880;kbvpmctdjznxfgayi@yopmail.com;pldqoiejyxacmkhgsnwu;70
139779729874096;ymahdqreguj@yopmail.com;tdxizguakjnmsfvpyb;32
139779729874240;ofqkgrenczhlxdswb@yopmail.com;aymfkqtwopecldzix;53
139779729874456;lhaeomczkdjunxyftvpw@yopmail.com;qiunkxlphayjm;59
139779729874672;gtsnrljvpuexo@yopmail.com;genxhwsdqrpyuf;70
139779729874816;kyhlpdgjfvezq@yopmail.com;pjfvrlhiweycb;47
139779729883216;impwlynaqb@yopmail.com;lerktofmwdshpz;23
139779729883360;xnksjmyhvoucqladepti@yopmail.com;umhqwntcjrbylsz;23
139779729883576;vbjuqsrlhmc@yopmail.com;jseitrcgkuvnwfolpm;56
139779729883720;tjoakfyimedl@yopmail.com;idteowhgpuvknxcfjq;67
139779729883864;islkqtcyfnrwpdvx@yopmail.com;gxlupaemfshbvzrtijwkq;65
139779729884080;pvjixtydkmo@yopmail.com;ugypbqtdnvwxkhlcrm;23
139779729884224;ufotmwgkleryh@yopmail.com;kxhfercngqysi;38
139779729884368;uiacgpofrsej@yopmail.com;vmudjeztlkscqnbfph;26
139779729884512;afilkjmsxdonc@yopmail.com;cqknhbmrplvuwaofsie;43
139779729884656;okbefqtnzwjxaivy@yopmail.com;kdcjahmyevqnzpuori;41
139779729884872;bygcpeumswhqajn@yopmail.com;qylhpcfdzikxajsgm;46
139779729885016;kazdlnrvwocsgfxhuqeyt@yopmail.com;bnhisvxwgdquforjm;32
139779729885232;mdreycnloqftibav@yopmail.com;erxtvklanqpzdc;36
139779729885448;qyxsuvfhnroawilkpjze@yopmail.com;nrlgjyvwmfkapxozsiqb;55
139779729885664;wtmlraqnpc@yopmail.com;gqiwmltodxzyenrvk;24
139779729885808;esjwmnbxqplc@yopmail.com;oexjrtmikbgysvqlw;46
139779729885952;ojqdrhlyutxpgmzbknv@yopmail.com;txrnwqgkbsofhy;31
139779729886168;itsnfkolgurm@yopmail.com;jodtimweglvy;57
139779729886312;qnrzdvhaum@yopmail.com;kmshaevjyqtwndflxuigr;37
139779729886456;ktovelwzhgbjcs@yopmail.com;fzwvenxgstilckaob;25
139779729886600;umircgqafdpzlsxn@yopmail.com;doslkqcugr;33
139779729886816;rftqxopisuajkhdeycvzb@yopmail.com;hvbneyrodgfxmaqtz;50
139779729887032;osnhmzctfvlbw@yopmail.com;etrqpvsnjwzuyfad;30
139779729887176;dzsarqouklcintvjbp@yopmail.com;ewkmhzucvailfxnp;72
139779729891552;vmunsatqhjkpxcfig@yopmail.com;voqfnaketpmrjxydwi;23
139779729891768;axiqsnyhkjerbzumpw@yopmail.com;hmviftwqgeyosardb;48
139779729891984;pkrjsnemlzwcuahid@yopmail.com;rxsaoqjhteinf;69
139779729892200;shmerkwjbf@yopmail.com;febszilnkvorcdj;61
139779729892344;wbeofyhrnjaxmcvuiq@yopmail.com;gajflsiebkx;42
139779729892560;iakfbqzspconghu@yopmail.com;orabtpzqlxnsume;49
139779729892704;hrexnotqucm@yopmail.com;htsajepmklyo;40
139779729892848;bqefctgvud@yopmail.com;rjihcmlsbvpfzoad;66
139779729892992;fmxgeqkwyo@yopmail.com;kdtivnlxhfespbo;43
139779729893136;bhyawzdrtcxs@yopmail.com;rsotjiwmxepqbcvynhgzf;56
139779729893280;unklezrfgdvtahxiosqc@yopmail.com;riptosaegncj;74
139779729893496;pnoicturljvzxhfaey@yopmail.com;excvkagnhtsj;54
139779729893784;ohknjxzpgtlvfm@yopmail.com;jxvyoazqhi;33
139779729893856;lphztryfqekbiwc@yopmail.com;eonkbismrjxuwzl;63
139779729893928;xoutihcjnfbms@yopmail.com;curpzehydlobwmx;28
139779729894000;hdugojfaeiyxns@yopmail.com;incbpemzuwkqro;57
139779729894072;fxwezmtcyrops@yopmail.com;ynwcqvjzeg;70
139779729894144;unbpveosiwyat@yopmail.com;krmpslwavojudixyhe;43
139779729894216;guqjcdlmikhzeyt@yopmail.com;bxgpduorfjhwvi;71
139779729894360;cfvetbakqzgojpnrmuh@yopmail.com;mfzuebycdvsi;34
139779729894432;nbzwrpvslyu@yopmail.com;neplwuymbit;53
139779729894504;zxjoahvrywg@yopmail.com;wiyruoslzfxdnhjm;66
139779729894576;yeopmjdbflzw@yopmail.com;zflidgrvnxcsweayj;43
139779729894648;upwsdegaxf@yopmail.com;qenhybmswkflurtpa;54
139779729894792;otnlzbakihregjdu@yopmail.com;jzxqyibuad;65
139779729894936;imuvcekngospjbxta@yopmail.com;sdnoiuzlvxmbaw;47
139779729895008;onzjmtbdplf@yopmail.com;afyzvwrkidm;46
139779729895080;hqnvkotpjg@yopmail.com;rkwthnuspexgjd;56
139779729895224;wcxpvhnjlzfrmugedioqb@yopmail.com;mkugwpxtoiahjqlns;62
139779729895368;rhatnoibymjqxuzvcws@yopmail.com;yxjnwgekurvbl;44
139779729899600;dvfywljhpcoegk@yopmail.com;wrmtqejflvzaxyibu;25
139779729899744;nkboifycrwgqvzeahjx@yopmail.com;whmaizutgspkn;59
139779729899888;tkcsmfybaeulinojrp@yopmail.com;kbnltfrposcjyzdivgxeq;33
139779729899960;oesjlzwkcprt@yopmail.com;jxrznatukfhmlygowbd;50
139779729900104;odetxlaigkwhynpjf@yopmail.com;julamkhzxptwyfvogqcbd;68
139779729900248;dyfsgejvzixkoubwc@yopmail.com;ivjmngsyphqbtxlcz;22
139779729900320;fpsmnxuyakt@yopmail.com;uplbgzcoiwkmnjsrd;51
139779729900392;xdwapyqhkvrg@yopmail.com;vymfljohtg;22
139779729900464;pgkdwcjumlqaohb@yopmail.com;uynfkejtarvpocxmhsdgl;47
139779729900536;srdzqlcjxpktn@yopmail.com;fvwuqitblkjgcmeh;18
139779729900608;hbjuvqlrpfc@yopmail.com;txzpfqkweudr;61
139779729900752;vxpcikfdhtgoaljbrs@yopmail.com;dwphxlzoiukq;72
139779729900824;xcregbztfwhm@yopmail.com;ocsrzgvltjkxfpbnui;54
139779729900968;psjvzeurlwkixcqofnmy@yopmail.com;cebpdktmuwsyorajznxih;42
139779729901112;ywlsfdupxvbzacgnojqr@yopmail.com;mopiqysfzjter;46
139779729901256;otrenhzcdblwavyxkgu@yopmail.com;fjrousizdlykn;24
139779729901400;psfvdobclkniqthxjzgr@yopmail.com;migaqlspyhevkozt;40
139779729901544;zulkrpexfwiycbnh@yopmail.com;czlrwofmdjag;47
139779729901616;poflyvsdgr@yopmail.com;sjimlgvqkpwr;39
139779729901760;axlrkiqbdnhoeyfpsvm@yopmail.com;mygzrvbpsqfhxl;24
139779729901904;ctvupmenbqakwofsjzhy@yopmail.com;ncqesjzfdwmyhrpx;20
139779729902048;ijkvpstdhgruefwq@yopmail.com;hsngifdjmqr;52
139779729902120;mzgkhbusndcq@yopmail.com;quiajxctwfmzye;18
139779729902192;inhczvbojkpa@yopmail.com;fqarkslgpzmijdto;42
139779729902336;iszlanfemorykjhtg@yopmail.com;kbsxhdylcptvzfqnugor;57
139779729902480;jphkxsoivdlrqameuywzn@yopmail.com;bjhqtflzvnpaydxuewk;39
139779729902624;cslgjqwmnkvthofiye@yopmail.com;dxevfpgoyktu;28
139779729902768;fevrtnqyzjdklcbu@yopmail.com;bldmsnzvktcu;59
139779729902912;smzyupltkrefwvghjoaqb@yopmail.com;cetaibfmnsdz;39
139779729903056;wxtadkfjcruizogml@yopmail.com;ztshnriuebfgjmcwxkpo;36
139779729903200;hapgonvktsucyiwlmqjb@yopmail.com;beuqtxnfazrmopidlk;68
139779729903344;uhlsrqnmdfcbapowjgv@yopmail.com;oatqjilkgmyczrv;67
139779729903416;vjmlbczeksoydtu@yopmail.com;rtikeapogvnfbjuwqx;58
139779729903488;fzbcwyxikqrsp@yopmail.com;kwehuzstibmyfq;19
139779729903560;xrkdyhfjpbgqvzn@yopmail.com;upwbcieqsjdflrghxko;60
139779729903696;olfektxhgy@yopmail.com;cwgydkfvsql;30
139779729903768;qehmcginspbuvd@yopmail.com;nxgajivlhmpbu;45
139779729903840;oqxclstrgjhv@yopmail.com;xauhsgknyrtf;43
139779729903984;xaeszkujyowhgqmrlb@yopmail.com;hdtgpwlkoasjz;49
139779729904128;aictbfungvkdmwzyrxj@yopmail.com;qkczuibyjralwnxs;54
139779729904200;gcfivtxwkd@yopmail.com;zeghjivfprwd;70
139779729904272;phuxlzicky@yopmail.com;gusbdtanepw;73
139779729904416;meprsiyhfobcxjlkuzgnv@yopmail.com;eifbrynodcgl;23
139779729904560;djwbgtuqxvhnfpmay@yopmail.com;vkaodrnlwzxsqcbtme;54
139779729904704;lfyrcxditmjnpbke@yopmail.com;tkmevcfpsj;63
139779729904776;awhkxbofzcndtpl@yopmail.com;sjricvguybopdwtkezx;39
139779729904920;qyofmugbaxpnzesidjhrt@yopmail.com;wgrjqlkyutpdcvnosi;33
139779729904992;fhtkiwzemdlxycj@yopmail.com;wbcdzsknlhaivmopru;50
139779729905064;pqukhrnogmsci@yopmail.com;dubftwmokasez;27
139779729905208;hmleiacpfgbsyduoknq@yopmail.com;hokunqxjre;34
139779729905352;enxbcfimdgkztqyrsvl@yopmail.com;tovawmlnucygbxef;72
139779729905496;zotdrklmhigyjbcpxqsu@yopmail.com;gojvdncpszkeqfbawy;48
139779729905640;pqicrwbnevtxoymukag@yopmail.com;aingshyvmoujqwdp;37
139779729905712;zvhdjbauermsg@yopmail.com;bpsydtgkvolrnc;59
139779729905856;sczymfdxojgulakteir@yopmail.com;njfzsxaiokv;36
139779729906000;exjlouftzyqwdagi@yopmail.com;galbepjitquvnwm;20
139779729906072;zniklqcdpthfx@yopmail.com;vzhxrepauksdobiftnlqw;59
139779729906144;xpwchukzfsdt@yopmail.com;buskjpegcfnliwdqvtz;45
139779729906216;domzrxknlaphyj@yopmail.com;txsrzmwbcdyoj;22
139779729906288;wsiqnopvuaxjyfz@yopmail.com;nieqbgyjfkszawltm;37
139779729906360;tubxoekrzqm@yopmail.com;hniaefzcgpjtmxulob;74
139779729906432;kpmqtwxznh@yopmail.com;jdwrntbeop;45
139779729906504;vsdeorqwli@yopmail.com;rjiecdpklso;54
139779729906648;umflwqdhyvtapogexbzr@yopmail.com;jcsifunhyrdbx;67
139779729906792;edpybghofvtnjuwzcmrl@yopmail.com;numbfxoiqgvzahcw;52
139779729906864;acklquixdom@yopmail.com;mrzcywuqxekjgla;70
139779729907008;jwosxaingzrbpumcv@yopmail.com;lienwsturvqfyham;65
139779729907080;blufdnvtopayxc@yopmail.com;xsrtodlzqvgebkfw;25
139779729907152;dcnihjxrys@yopmail.com;eytcxlkzdihwpusbrgfn;74
139779729907296;sfgnmecqwydobpju@yopmail.com;pweamyqkdfrctz;52
139779729907368;ldifvmpgeuchxwy@yopmail.com;tnvecrqxaz;68
139779729907512;kmcgdqpryletxijafsb@yopmail.com;mdihzvqyae;58
139779729907656;afvmdblqwohgkcxupsjnt@yopmail.com;detilurkhncxvqsgzap;58
139779729911888;ykgjushxwolpmbv@yopmail.com;styvxzjenpwfg;73
139779729911960;roeaujclgqn@yopmail.com;wsacqejiuybfghmpdolv;40
139779729912032;mufyalwjvietx@yopmail.com;sigheycqvfkrw;20
139779729912176;nybgikazhuedfcqxpsjvm@yopmail.com;aobyxlzvkujdgpqcmtnhf;67
139779729912248;ilogznevfbyds@yopmail.com;lmpnjoehakyuiqrsgzdb;52
139779729912320;neulimotjg@yopmail.com;azrygbxdufoklevptsmji;35
139779729912392;ntkhyqscrvdfig@yopmail.com;bhiuazonqxdeyklpr;47
139779729912536;kqrolwditpznamcjgh@yopmail.com;bcdqvgkiywp;31
139779729912608;bamnetcidwp@yopmail.com;kgfjuvierascdhpnoxbmy;43
139779729912680;ctymaxzgpf@yopmail.com;qpdyrcngkabihwjmxe;49
139779729912824;ypnfazhuigbtqlsmv@yopmail.com;goiwnvxqcjkydrmahbtf;61
139779729912896;kxuwhiejmnyvq@yopmail.com;kdjernvwtb;33
139779729912968;smzpdlbhywng@yopmail.com;fdgnjqsiezr;69
139779729913040;pgmovxszeirb@yopmail.com;nfdtzleharmqsjwvxcpk;68
139779729913184;gyhumnoxeraflitkczqwd@yopmail.com;jeuadwtvyg;18
139779729913328;bhoqsazldwvcykgre@yopmail.com;berdgfiptcuhkjmwl;66
139779729913400;kybmlciuzge@yopmail.com;rqvsnwouakjefytm;27
139779729913472;defviuymqkpbtw@yopmail.com;ijdhtqmsbucr;33
139779729913616;ailknqodxpvmrtsz@yopmail.com;fivgmdturlxkzjweyahb;36
139779729913688;yiljhczwoa@yopmail.com;scimjkyrpt;70
139779729913760;zkyfwimxvp@yopmail.com;fexkjtibmzlwasonug;21
139779729913904;xstqigydwlcjmfzobph@yopmail.com;blovgfrpiycxs;55
139779729914048;oqrxktfisvnzdugamjcby@yopmail.com;qvblysfxtohwjumrkgnz;18
139779729914192;tnmaiscbjduzfqgkl@yopmail.com;hfkrnjguvymezocwsbatx;74
139779729914264;wafbjtezyniouc@yopmail.com;lpnbqkvimx;23
139779729914408;ythspfmquilodrxnbg@yopmail.com;xcfrndqleg;27
139779729914552;uwxhblkzotdmjvycpegr@yopmail.com;nkqyuhwtrcompxzsvj;52
139779729914696;cxtnifvhglsbdpmuwakr@yopmail.com;eanfrzdjvthupxy;56
139779729914840;hxyiarpcfkgjumdz@yopmail.com;thexryviszqfmoln;46
139779729914984;dylnrhqvxiakeumszgtjb@yopmail.com;ypqmsobtix;36
139779729915056;drpbsmhxtv@yopmail.com;pucdrxkojbfghmnlawv;23
139779729915200;bmvysonghiwpuxcakqde@yopmail.com;kynjthrlocsbmewauvgpf;29
139779729915344;wltugasfbhyvmired@yopmail.com;mwxpiqabcuskzotdefjhv;47
139779729915416;farnwpjehvmztbd@yopmail.com;pfgnxiohbjltyvwrm;57
139779729915560;vrkhaiquwjczfsdptxb@yopmail.com;ncmkujqzswra;58
139779729915632;xjvwulpdaf@yopmail.com;pdbrajnvxmiyzeg;49
139779729915704;bcwhupoljizyvqr@yopmail.com;fvmdzpsonlcjhyiaurg;43
139779729915848;fsenziqxcuamrkhywtdgv@yopmail.com;qiasmxtredzfnpvglhj;51
139779729920080;kzvxlijwrbcoqdt@yopmail.com;aszqexldckhbgjr;55
139779729920224;jnufxiskqzebltvyprwo@yopmail.com;vuestyagidzkfjplhcboq;52
139779729920368;vdsbfinrewjaypgklozu@yopmail.com;ezmyhkfrdgwolabqpjxn;67
139779729920440;bpfyqotnlsijv@yopmail.com;qxfluvseozcdrmwjbik;68
139779729920584;fcbdktoaihzsvqjrug@yopmail.com;ujepaqtrfmc;36
139779729920656;hiyadkzpmsrfonx@yopmail.com;wfmktoziuhgcnjsexlvq;45
139779729920800;cqomljefxruanpytsbw@yopmail.com;pqyvhercglx;38
139779729920872;purzgbtqfsjya@yopmail.com;qxsznmweojfvyrcd;73
139779729921016;sodibuyzvnglekcwxmf@yopmail.com;xaodskhntpl;19
139779729921160;jhikrcewqxpmauvztsbg@yopmail.com;mrezjcapdnswtfhkxlqbi;40
139779729921304;ktgfpcwzxvaibsjulred@yopmail.com;cswltuegkxaid;74
139779729921448;epxfgtuibjrmsdywzh@yopmail.com;endgfuapmbhxvr;61
139779729921520;sdmfciugaqrxt@yopmail.com;aykrlbzxnv;43
139779729921592;csinpjfezwumyo@yopmail.com;qiteluhrnx;47
139779729921664;fkjdicbugoe@yopmail.com;oqwgatcvfmrhpyixnb;28
139779729921808;wuhdesvipmqxfkjzao@yopmail.com;hxsfvkledbr;29
139779729921880;ewuxyptcbh@yopmail.com;qpcusxhtkibdzmnvrwlg;58
139779729921952;nsxtimyjrzh@yopmail.com;nzihxcdebkaomlqwvty;43
139779729922096;axqdblmufztkihnsycr@yopmail.com;hycwvmprjfeblouaktx;72
139779729922168;jseovpcyuwmxht@yopmail.com;amwlbkhgrqpfsedjouxt;32
139779729922240;flctvomwqgr@yopmail.com;mqcoyknglhezbx;41
139779729922384;cqslypobhdtjirumvng@yopmail.com;lvfbciazntjor;65
139779729922528;cnbtaxuphomdjliz@yopmail.com;zprjeofsdg;38
139779729922600;zyedjutmvgiloca@yopmail.com;wftxbdplmrjz;57
139779729922744;guhmazctxvibpojewsyq@yopmail.com;kmqhbyzrwnx;75
139779729922816;eqizcadpyojug@yopmail.com;rjwxpmleahobytkgvzcn;27
139779729922888;furmxdisazq@yopmail.com;xgmonslikrbfujachyv;64
139779729923032;hqprwvuzocbjngsek@yopmail.com;olyjsxazcn;59
139779729923176;ijshlvoebpatgfwqkzu@yopmail.com;ywdmuitxnjkb;37
139779729923248;ydiptuomaczlvhf@yopmail.com;kvrqlayend;49
139779729923320;xlyugrwmftbazqp@yopmail.com;jtfcrdpneiasx;50
139779729923392;hqefcrvkmastzny@yopmail.com;cgtopsylinbmuzajkdf;73
139779729923464;rgeyvqnalhbjcom@yopmail.com;rxcpljwoemgaqtvnfi;71
139779729923536;wtegdyqpcsmh@yopmail.com;jbgxhyptkmlcwivr;68
139779729923608;yunigdxqjbpsvc@yopmail.com;jfuzgloeqxcwpn;35
139779729923752;tvqfgomzpdcalukbyjw@yopmail.com;cfxjrbqueyozpkmvlwstn;29
139779729923896;ufveryzkwiqctodhaxlbp@yopmail.com;csoifdrykjtzau;40
139779729924040;jhvdinfazeblxrck@yopmail.com;qepnuawgthcmbfsziv;34
139779729932368;bafyhlkzetg@yopmail.com;cyrskqwixgbampoh;28
139779729932440;tdgfamyrxejc@yopmail.com;amtyqpjdruv;55
139779729932584;anxovclbzqygktwes@yopmail.com;vmtdysewinzbrghflajx;65
139779729932728;rbkwhdnfmlovxjgyz@yopmail.com;qipmodvhwrlfyza;59
139779729932872;smhpdwfxqaokrbtnj@yopmail.com;hxrqgumvayslkt;33
139779729933016;fcbvmzputjlwhyiqxsar@yopmail.com;ujoqmzxidkgnctsehlyr;58
139779729933160;ycbugiokahmlvxenwt@yopmail.com;tjspowfvyecdxhliuangk;39
139779729933232;nhoswtulrjcz@yopmail.com;epbzurongyhfkqmajcis;67
139779729933376;chqlitsuybfkzwoaxrnde@yopmail.com;idmfqhtjerbzn;56
139779729933520;jpoxqhydvmfenszw@yopmail.com;qwlcgmeyfpoukv;55
139779729933664;igqmpstewzykurcj@yopmail.com;dckalxntmihzsjqpyvrw;47
139779729933808;erpzjwgvlntmuadycf@yopmail.com;jgrzeikmylqbpvncuwoth;53
139779729933952;kjzblxudnsoceitavrp@yopmail.com;muhigwfvkrzxop;22
139779729934024;hyxcjqviawesf@yopmail.com;gaqjswmutvfpn;63
139779729934096;vldystugkejw@yopmail.com;eahftjzdvnrkwp;26
139779729934168;gaqoxyrmspnz@yopmail.com;dqlfkbpvahygsiuz;34
139779729934240;gcjuwxkptfvdner@yopmail.com;qklyutdscm;50
139779729934384;tjxqkzcrsgyhfnbdmovli@yopmail.com;blfsegmxdhvtqy;74
139779729934528;doghkrmtizvaenjfspqly@yopmail.com;dqalkuxyinjvbcgpt;72
139779729934672;kxjuqpoewtdgrmnvsya@yopmail.com;yszntjwxoihakc;43
139779729934744;jmtscoryipbzhve@yopmail.com;suzlrtwfohmvkxdyac;58
139779729934816;mbiqgkujoazchfr@yopmail.com;ymxtbzeaovgdnuskcqj;36
139779729934960;junockgislrtbwmepzf@yopmail.com;abjukonrtfqpxywihmdsz;52
139779729935032;ngxsweztojivdp@yopmail.com;stpjoexkqrdfhymcvlwbi;60
139779729935104;fanscyrwelkbmg@yopmail.com;evfgyubtqirsjhcl;36
139779729935248;nidaqtchxvbrlmkpfeg@yopmail.com;mwhlejaoykfignqcrdvtb;68
139779729935392;fjyqlaphosmxcrvdugi@yopmail.com;npuxavkczwjydogisem;44
139779729935464;lptcvyzrkmwo@yopmail.com;zdbshrlcnuemaivxqtwp;20
139779729935608;esjiqlxpgbuncday@yopmail.com;yeckisvxpfjolangdqumb;39
139779729935752;xldsaiwryveufqkbhpt@yopmail.com;irhvabmfptuy;27
139779729935896;xfrvjzdycpkmthaiu@yopmail.com;qehjwpmkcuzgaxlbtfi;67
139779729935968;jpgkvcqywmet@yopmail.com;wioyzcvgumkxqathr;18
139779729936040;dyuabkxlwmrc@yopmail.com;hobcgqwxejdy;39
139779729936112;pejhosyanguicb@yopmail.com;vioxetmbdcqfuha;30
139779729936184;tsrujfozihagdmb@yopmail.com;uakzdgitbv;55
139779729936328;nuoclptybgfejidh@yopmail.com;iwtlkasbmuhqpg;26
139779729936464;ibzujtkmdh@yopmail.com;spmcbhdynoruiwtfjq;39
139779729936536;yxqcdzgvka@yopmail.com;rjtksfyaomd;46
139779729936608;gjemztpdnhalb@yopmail.com;untexlspmao;30
139779729936680;jkzfgcbrslaipxt@yopmail.com;jhntyafgwmusdlokqrvex;20
139779729936752;ubyrzegkfvsjoi@yopmail.com;suvgtjnryhda;25
139779729936824;yjhcgidnqmpabf@yopmail.com;pwtqfulaiksxr;45
139779729936896;ycmejzuonaigdtx@yopmail.com;cgawyfpdhlsir;38
139779729937040;ghmspfkryawtucoxvnlb@yopmail.com;tfnkjhwdlevsqmpbcy;74
139779729937112;gmrnphxubadlyvj@yopmail.com;vcgtzihopjsdrmebkuwax;55
139779729937256;ykpifgrjhnaubvcqwldx@yopmail.com;oxntwzprkqigfmbauvjyh;29
139779729937328;boxfniwzphkj@yopmail.com;ufohvgrpcdiwltsaj;72
139779729937400;ylxjfospnr@yopmail.com;sxzviwyrfk;32
139779729937472;jscbiuxtkeaflr@yopmail.com;ujwqbitfngrhed;30
139779729937544;gvspckwqmlyhiz@yopmail.com;tflrvkiqnephbogmjxws;41
139779729937688;iucodfvpnkshxemytba@yopmail.com;nkzlqvmsdoryjftiew;42
139779729937760;kzmsifuoxpqvw@yopmail.com;phgsbeyquamrlw;43
139779729937832;mkfjpiovugz@yopmail.com;eyslnvjugrkxpcq;56
139779729937976;hozpkxngvysbctiuerlm@yopmail.com;wtgecxqsdhiozmpkfvly;19
139779729938120;ducsmeifkgbwlqjvzao@yopmail.com;knbvxhpaoqljdwmgzr;53
139779729938264;ervnbylmzfqwaixhdcgj@yopmail.com;jyiwfovdlau;61
139779729938336;wbcgpyqkon@yopmail.com;ugbkmxszqeownpcrhd;26
139779729938480;fcuwltgibpsoqhreajn@yopmail.com;oglsbieqjnfyuxmhwcp;33
139779729938624;alsvqkgermbtonfih@yopmail.com;tkxlzdvsajf;27
139779729938768;tsyjrbdvxqumnoewagp@yopmail.com;npbgzymrid;33
139779729938840;iwarezjbxlhupsc@yopmail.com;jncqwgpdozki;19
139779729938984;pjtmogqayrhlvfzd@yopmail.com;xqgjwldmrkicfanzyupbo;73
139779729939056;arkjnshfioc@yopmail.com;neukhdblatvj;47
139779729939200;mivrubazksenjcoqfx@yopmail.com;fwzrdpykslqaun;41
139779729939272;ovdwjksrpetz@yopmail.com;qxcgipwtsmhenbfuvdojk;32
139779729939344;rblaxyzdhvofnwj@yopmail.com;jegwobchkxfyztruma;34
139779729939416;ltnxrsqezkipdvb@yopmail.com;ctdsfmvinky;64
139779729939560;lgrfpaejztkovbuiqhwn@yopmail.com;uzqpfwecxkbjatniyosg;29
139779729939704;nslhizkdwfvrmxcgqujb@yopmail.com;qsomaztkfbewdliynpjuh;73
139779729939848;zcxwvkulsmeoripqhy@yopmail.com;bidautkvhpsnwryzxlejg;22
139779729939992;gudozpbrcwfmykelqst@yopmail.com;eovqphdkuzjgymcfaxb;26
139779729940064;mvqkylfixwnae@yopmail.com;vqfwlbhzicgp;63
139779729940136;whzrpiafgost@yopmail.com;iryevpodakwtfqulxc;36
139779729940280;kqvelagpuowihnrs@yopmail.com;yhslqawcivmot;47
139779729940424;qsycedwmpxglthzvjfu@yopmail.com;lvrpbyjehtqxusow;19
139779729944728;ehbjltwoakyvxqnz@yopmail.com;qiocmxpazhfjvsbknrtu;51
139779729944872;hfxyzoutmscaievpdlkw@yopmail.com;yjxvlkoczgnfqbme;29
139779729945016;dzsojxhbliruqfyeawnv@yopmail.com;kbdtljsxqvuwfrycaoi;36
139779729945088;enhbkycmjfdizgp@yopmail.com;zslweptdxkmfiqyacg;39
139779729945232;bwmnudqajcoiflpgthxy@yopmail.com;akvodjnmtsqighre;40
139779729945304;sfcqhiaduztbxgr@yopmail.com;tzkeromfjahpncdvbxgl;72
139779729945376;pgvdabfnskutz@yopmail.com;nwrilqvjzhmbuoxedcask;34
139779729945520;jflyxvosduzbgaimtr@yopmail.com;xympwzeqtciurlfs;53
139779729945664;xahryjmkplntwfesdc@yopmail.com;vaiuzglmdqko;29
139779729945736;drteyqobvlcxks@yopmail.com;oefxpzjnkalw;29
139779729945880;jeuzwotnsxmifhypr@yopmail.com;jgywhqplcdkirznbs;66
139779729946024;bcywkzdgaeumosjiqtx@yopmail.com;whcnxeumogafilrsykbz;72
139779729946096;iamtzokgjw@yopmail.com;gmxcajonebkhfvyriutz;35
139779729946240;tqfynjdawicuoklvmsep@yopmail.com;wynbiqdrxhvc;64
139779729946384;xwtlfnmuiahqorpsgbzv@yopmail.com;qcnulzagkfiwomrtye;75
139779729946528;yhzvecnmtsprbqjflkwa@yopmail.com;ajrvuogwfmkp;28
139779729946600;awjgnzrsqpcilm@yopmail.com;euicflqanzy;42
139779729946744;pzfeshrutiodvbnwylx@yopmail.com;sgarzluybqjecpixmfvdo;22
139779729946816;vmaryqhejpst@yopmail.com;wuqmapzgbxth;46
139779729946888;ouajhvbxkezycim@yopmail.com;jvxqradtufwpcmolbynz;75
139779729946960;viaedbjmurzgcof@yopmail.com;icpkwmqrgblzhosvjeyxt;59
139779729947032;rmozxatpksyjh@yopmail.com;nlpmtdbaxcyuijvkswre;51
139779729947104;ilucpzjmafqr@yopmail.com;uamntkiwhegbs;33
139779729947176;gdxuzembtpikfy@yopmail.com;orkgfutvjqwdezacps;25
139779729947320;ghblxowmrcqayzejin@yopmail.com;gcwxuasybqrimko;22
139779729947464;mwnhikrpfeqcztouvaby@yopmail.com;oedcfivtlxjkybn;45
139779729947608;xgliqbkshfevtmwunardp@yopmail.com;gumeihjoklb;23
139779729947680;isnmojkxqp@yopmail.com;coxyvbaklmrtq;20
139779729947752;bcdhsznlomutxve@yopmail.com;cbzeupmnaov;43
139779729947896;yprnjcveiqtduzbxfwlmo@yopmail.com;wkxpctbdajizolhmfq;67
139779729948040;ofgiqctmhepnkwrxz@yopmail.com;vtyubhcswxnilr;19
139779729948184;nkjvhibsufowylteqzrg@yopmail.com;cibryamnlxehkpqu;28
139779729948328;fotrqepwmiaujsdlgz@yopmail.com;srxqdzljvyfpmhngeowc;56
139779729948400;vcpdlfhtsnxo@yopmail.com;zkcberdvflxqh;63
139779729948472;mnuxcewqzgjtr@yopmail.com;kbilghaotuvmedjpnyqcs;42
139779729948544;tmnxrbdyphu@yopmail.com;mkzeudjyoqan;47
139779729952848;nyawfotrgjmshxzcvkl@yopmail.com;kbowfnduchletjqax;18
139779729952920;wucdbnsgyafjhqz@yopmail.com;hwnjcblizaysmtxugokfr;50
139779729953064;mfdkohlypnjsuzvbtrxq@yopmail.com;fmvqowryzsucgjekn;63
139779729953136;lmpufbtejorx@yopmail.com;lcxripokgsvebzymjt;26
139779729953280;jxbhwdmfengaizpv@yopmail.com;xpueqdaszg;29
139779729953352;ctrkdbjyzahq@yopmail.com;jfyawxmpibdec;56
139779729953496;uporxvdqlhickmbwfng@yopmail.com;xhmnlcaieb;19
139779729953640;wthlgmjnxyopzrqu@yopmail.com;cnbdwjyraetqv;40
139779729953784;viznarqwcudkelxpfoybt@yopmail.com;lenkyszitxfhobrvgwja;42
139779729953856;ohlqrwkembtvc@yopmail.com;rgypufdnktxm;36
139779729954000;sliydgavhkcpquonbzef@yopmail.com;gajxfmnusrkipzvtdqoe;31
139779729954144;uvncgqbfzlsmejikatrp@yopmail.com;ladcrjbfpzyxse;24
139779729954216;uxyoirspeft@yopmail.com;kbgeswplmrihu;29
139779729954288;tlgvhmujspconf@yopmail.com;ilfczbqpsthwvmrdkgojx;44
139779729954360;ryeksmgczojhxv@yopmail.com;kmepvfrjuwbncdoqslt;55
139779729954432;reqsfaynbgdu@yopmail.com;daromjckvtw;19
139779729954576;deikvnhjquwcmpayb@yopmail.com;fygxnrpbovtjalimshcd;40
139779729954720;mqvedfgyzbnwtihpk@yopmail.com;osanvfzupjrd;60
139779729954792;tlxzjvciodqmrsf@yopmail.com;zcwhfluomepnrxs;22
139779729954864;tevmqxkndybhcu@yopmail.com;hbckyfltnszgm;74
139779729954936;uxcpkhgmowft@yopmail.com;pzquasibvwxfhcgjkore;39
139779729955080;ldehrnwtmkqjxyvasf@yopmail.com;nstmhclyxqkvfw;18
139779729955224;aykpstlioufnrwchzb@yopmail.com;enwsrhyadgbzqofj;24
139779729955368;dwspngijlteoucvz@yopmail.com;trvdnlafsxmjchyzup;52
139779729955440;ewvqmxljhgb@yopmail.com;wnjtskclbdfmxueoirp;39
139779729955512;bnfwgqspjlrkuov@yopmail.com;ebtjsvczqh;30
139779729955584;lnxzjwqubh@yopmail.com;qoxkedvzrimnlubf;18
139779729955656;qvrgfwemnbjui@yopmail.com;jbfpsxhlaqd;69
139779729955728;ehxfkiclbmjqnsg@yopmail.com;znythdekqbmpawsi;72
139779729955800;yostvnjhfbwpz@yopmail.com;cmpztdqgkxa;36
139779729955872;ztmbalkrxoqdfh@yopmail.com;dwmrotxfyhinuc;28
139779729955944;kzdjwpgfrsoycue@yopmail.com;gvznfolipbjtaxwc;43
139779729956016;qonhglwjkitdavx@yopmail.com;rwofuhbystedjiapkg;72
139779729956160;jtyuqawsflixcgmrkneph@yopmail.com;ogqrpkhxedts;39
139779729956232;oxufenmbdjgpql@yopmail.com;ivjdxkmgqlr;45
139779729956304;fpxouasrykcw@yopmail.com;pbqyafoicl;54
139779729956448;cygpxtqvfbmouanjr@yopmail.com;hfowuitybasgpmclz;52
139779729956592;jkbliuqsohvwnzmdfagp@yopmail.com;jwoklxncpvh;33
139779729956736;bmukdpjlrhoczgxa@yopmail.com;qfnwimbajxkgh;42
139779729956944;pqavgkmxhzbfrdiont@yopmail.com;wkvnabmxedjrhsqfptl;73
139779729957088;hlyjpzdnkofismubtrxgv@yopmail.com;vcyqrgmfbuh;38
139779729957160;ixlgqenrmu@yopmail.com;texguplbaczhyvrsfq;39
139779729957232;gehkjymcziusaw@yopmail.com;dlrvmtxazofiykuwspnh;38
139779729957376;bmtxlgapnyukewfsocvd@yopmail.com;mpvixgjuanzdkbtesfow;65
139779729957448;rpkwtzbmydunoh@yopmail.com;yrawdipklsnu;74
139779729957592;tmiwexfjqdphblunsy@yopmail.com;fhrquxzdyajc;44
139779729957736;ulywnhfsgevqxbzco@yopmail.com;thlrpudcyoaewbznqjmk;49
139779729957808;fgqwmvtldhe@yopmail.com;qmcibtesvzlxd;30
139779729957952;hitwfemronxqzcgk@yopmail.com;clvzmaxhnpjudqwbgetik;73
139779729958024;bujyknwqiomrpf@yopmail.com;hqcmtsridugypwanfkexz;54
139779729958096;tfbqlhnmdcyjzge@yopmail.com;nelqiwkftdyhscxmujvbo;38
139779729958240;oqxrjckviwblemfa@yopmail.com;dwaivbrlsyhxmnucof;28
139779729958312;grsnowemtix@yopmail.com;nedqfxmaslibrj;30
139779729958384;pbmqzvsiohwg@yopmail.com;noimbcjqfhursxyapgwz;24
139779729958528;zidsreubqpcvxghokfn@yopmail.com;icfzjokulbdxgweyrs;67
139779729958672;buolehmazjwfdrckinyg@yopmail.com;wsxlpzyoegnfbtmckauj;30
139779729958816;mqfjsapczxdhkwiuleynb@yopmail.com;kwqcmihratzbnjel;37
139779729958888;rgmkzcsneuo@yopmail.com;wmsrybafgkzquocdt;47
139779729958960;ifkjszeoadtqrc@yopmail.com;gyritxfmdhucbleozpjvk;43
139779729959032;zwdbkvngfhqj@yopmail.com;fsbvgcxdjuqklmpn;39
139779729959176;tcrvkjudznxhilefpsw@yopmail.com;gibrhqytlvxwapokcuf;24
139779729959248;swnyduqzjcxt@yopmail.com;hcpgdazljmk;34
139779729959392;lpfeymcjhswnbtrxud@yopmail.com;pacrzgyxflto;67
139779729959464;pviuykrnhqc@yopmail.com;raimekzupfoncy;57
139779729959536;rqisvjuzokc@yopmail.com;otlkijpbxs;19
139779729959608;neqzvcwaghdsmr@yopmail.com;fhbzaopcinkulmq;56
139779729959752;uckwrmxjpvitfohgdseq@yopmail.com;pigdotybzkqaruvlcfjs;71
139779729959896;sbavhkgnjqtrupwizxd@yopmail.com;rzqvcjeaxolbtshwpg;26
139779729960040;yqhnwurfgjatbvldkzp@yopmail.com;vpucrhkgowq;72
139779729960112;ozvifpdcru@yopmail.com;bpxesgikdnocqh;32
139779729960184;myfqwudboleinj@yopmail.com;drmhewpkbzic;26
139779729960256;qimjfopegzs@yopmail.com;hroyujencfqwld;49
139779729960400;dpnfkyxobsrcvuqmewl@yopmail.com;blxmnuqtpdrcae;29
139779729960544;kbscgadvmhrwxlzoeftj@yopmail.com;ntayirsbwv;26
139779729960616;johwxqskcvy@yopmail.com;shkremqdzctnbig;66
139779729960760;omsrpiqvcebkydjg@yopmail.com;phidermucxyojfvkg;20
139779729960832;apxmqihytgb@yopmail.com;xscdarvhqlwkm;30
139779729960904;sthyzuwpfqelg@yopmail.com;idusgjotvfezl;61
139779729965136;jxiclgrdpeys@yopmail.com;nqpyhgtjvkefdbl;43
139779729965208;stcrwaldymjobke@yopmail.com;zcjqvflkhgewn;46
139779729965352;qzktouycxpsivgjnld@yopmail.com;xjfdkolhzrbesmnap;63
139779729965424;rlutqwfazsnxc@yopmail.com;sgnqvuzjcmdxiawyokpt;26
139779729965568;vanfjiwclduzpqtxsmor@yopmail.com;xdemkcysfjh;28
139779729965640;sjbckhimxzdp@yopmail.com;hixvynfdwrmzgaekuqlp;63
139779729965712;zibdyvoqsnglhuw@yopmail.com;rwniegtkjbxdf;22
139779729965856;uarkszgpqdfclitmxwoen@yopmail.com;nlsqzuwcvdbmxg;72
139779729966000;ztudjicnrhkbopxgea@yopmail.com;ritegkwpsvbjalcxzoqdn;64
139779729966144;wtmzepylsiuknvjqa@yopmail.com;jovqbmdtukp;58
139779729966216;ylwxfshjeokb@yopmail.com;ldpgamtwfosyunvkbzjr;54
139779729966360;itkfulbcmhrjdzxnvqysa@yopmail.com;dscwvuhlebfjxamgztni;37
139779729966504;xjgqykmhetrnilsvofub@yopmail.com;kspglbumijvyhnwa;30
139779729966648;qkmorxhjfpyntlwic@yopmail.com;epmrdguiwoxbnylqhz;73
139779729966720;bavxkmoewfn@yopmail.com;cjzydqxuwhitobmlafs;63
139779729966792;wadeslgzynfxi@yopmail.com;vjdboknqfwiuhxcmg;55
139779729966864;lqansmthcxzyo@yopmail.com;pgowvynlumfxsqrihkaz;52
139779729966936;nzoaflrtqeyhsxj@yopmail.com;gzdvkqlpinx;31
139779729967008;xmpkfylahnc@yopmail.com;extgpsrwbjcnzq;35
139779729967152;lkxvfsnawrobjpeitd@yopmail.com;ksjwqdmenox;71
139779729967224;nfdhjbewzqli@yopmail.com;fwciokzmxr;58
139779729967368;ynubjtxazrwdfgpslimo@yopmail.com;nikhobegqvfsmwx;27
139779729967440;hnuwpkqfzot@yopmail.com;rmsphgwlje;68
139779729967584;zuovwqslhmtfbkgn@yopmail.com;vbejcymfrx;62
139779729967656;oclxeuwkvb@yopmail.com;zbgkehpiotml;33
139779729967800;cqtgjakhsiwodrvnlyxm@yopmail.com;gpbxuoytnfdciahjzvlws;35
139779729967872;rfwaebhynvopqu@yopmail.com;kysmnxozibferdjap;75
139779729968016;miydgtqvlchpaxozek@yopmail.com;fgxkdapbvi;58
139779729968160;couxbjsgnvmlrqzey@yopmail.com;ygufwklnteodbvrxs;66
139779729968304;dcwizxaoulhvegrkmqf@yopmail.com;ehoculpyzvaxnfibkwds;41
139779729968376;gdeskaifbvnt@yopmail.com;onrasdbwjhv;50
139779729968448;fidzhqclswmypgu@yopmail.com;grqpowixmlbtkunsyzvce;57
139779729968520;cmgfutpkzd@yopmail.com;xdhbqrejugcy;60
139779729968664;ckxyuwnjgzmitqhld@yopmail.com;yparmnquhxfjevgdoic;57
139779729968808;bcagxjmdtkozlfev@yopmail.com;xtmhuqblnpizcgjkovyef;64
139779729968952;pachwbnklvmtejzyf@yopmail.com;adhgybwsvxzmceion;56
139779729969096;bodgwyminsethaclzfpq@yopmail.com;qbckaznewoxp;30
139779729973328;gbsplvqoefy@yopmail.com;mdqucgwrptv;20
139779729973472;zulmbptaiyqnsehfv@yopmail.com;dqomxnilpezcraj;41
139779729973616;iymzxprhwfguoksc@yopmail.com;jhbyeglsxvo;49
139779729973760;nchegmixwudblqjsvatyf@yopmail.com;egkhlxdrasibcv;32
139779729973904;mzyaturlwnvfhpgo@yopmail.com;afgbroyimsjelthczdx;40
139779729973976;ykudighmrwvlsat@yopmail.com;valriuhtpgeqxkyz;38
139779729974048;wjvehztflmiqca@yopmail.com;fvemygdozunapxjtbqswh;68
139779729974120;ztecruaiglw@yopmail.com;oemjxtpbzrvyikqlau;19
139779729974264;bckhzmapdyexnwjqtolsv@yopmail.com;kohvqzignfsypbued;40
139779729974408;eutrhpzqsaxgvyolbcndf@yopmail.com;vadgebcskiqon;73
139779729974552;jomlvwepgyskchbzdqf@yopmail.com;dorjlamixecqpghu;42
139779729974624;npskgvaeudozbt@yopmail.com;keopijgnlsr;23
139779729974768;lpbeszghdycqauxtjm@yopmail.com;ecsdzvanki;50
139779729974840;bpndrqezcfjau@yopmail.com;uyqakjwstodfbr;66
139779729974984;mpwnduiljbkfgtvsc@yopmail.com;pluixgjdwzsqe;29
139779729975128;dposuzhrxlnvkawm@yopmail.com;krgmplzqfscxdjtaoyiwe;49
139779729975272;nzlwoubxjhqmrysite@yopmail.com;mldfqcbyhpesox;74
139779729975344;liqydnphcox@yopmail.com;cphdyeqjgnr;30
139779729975488;nfzkxjhutprmilqvdwbs@yopmail.com;bjvzphrxflen;58
139779729975632;ylidcjrofuzwtvhbq@yopmail.com;qytsurxzpvkfnjh;33
139779729975704;sbtgroilzeqdpyc@yopmail.com;xdphjyzwciangqb;26
139779729975776;bxyovzdclujew@yopmail.com;lwqpbticmdgfhvryaoe;46
139779729975920;frapwcoqiglhmxsjdtkeu@yopmail.com;kzamwtlpvgfhnqcsjbiy;34
139779729976064;dzrqlbgnevtuxmsoy@yopmail.com;dohnxuvait;35
139779729976208;yhvgtalxwqzkpsojrdf@yopmail.com;oazslpmxnhwcdvfeyi;64
139779729976352;vcehxmuaintoldqzyfs@yopmail.com;txadqfgkbsrlpyojn;72
139779729976496;vjrsdiwxbaefpqlomhk@yopmail.com;vapscxwlotequydmizr;33
139779729976640;hpoevcstdgkimfrqzxnwb@yopmail.com;nvqpusmlwof;29
139779729976712;ywlidbgaxtf@yopmail.com;skoixzbvhlyfrweumdnc;34
139779729976856;sxmdvbzuaqerotjlk@yopmail.com;wpdrxftvokmybens;58
139779729977000;avufwjrmegpyhconqdb@yopmail.com;rzofpavdbqugwh;74
139779729977144;nifjusdebgopvqmxhcat@yopmail.com;wtxmlkrbehqdagupz;59
139779729977288;fbhtujxoeygvplqrczad@yopmail.com;cobzfrdinqpxyk;36
139779729981592;vrzfnhbkyuslxqmod@yopmail.com;ynjpzomwitqcaredlhvs;28
139779729981736;yzpxnuvrbojlmthig@yopmail.com;mcbrhqzgepvsxf;45
139779729981808;kavempcdlrhyijw@yopmail.com;umlsgkpcxtojverhdi;24
139779729981952;slrjwfqgbdemophxikucy@yopmail.com;aptzvqsundrfx;56
139779729982096;ylizewmjrtaqongcxuhf@yopmail.com;himqvdkywlaugrxtfo;71
139779729982168;mnevwzplqjbya@yopmail.com;itvplscgdbqjy;46
139779729982240;ebshyfoxul@yopmail.com;aoemfzcusjkx;46
139779729982312;cenpsgahliqxjz@yopmail.com;hljybtzmxc;24
139779729982456;ctwkvjodpsqzlanyxhrf@yopmail.com;ulcygjhvftizspbneawm;46
139779729982528;vusezngxlbya@yopmail.com;gzlncpbfmortsx;23
139779729982672;bvlnhekgodrwsftxmaz@yopmail.com;lhwxgbufzcvi;52
139779729982816;kampzsxdwgfiruvylcq@yopmail.com;jbcugtdiseakrmopy;46
139779729982960;ytldbpnwcfkhrmuq@yopmail.com;ifcjxvqhuwbylntgdkmo;28
139779729983032;pgstlrqavknfydh@yopmail.com;pqwfgbazkylehdoxcmni;60
139779729983176;ukftmxcnzyrwjslba@yopmail.com;cumgpxehvijqzlaytson;48
139779729983248;ydowqxjaepbcm@yopmail.com;azestmwcvky;25
139779729983320;lbpwqucdgkyfiv@yopmail.com;hankbfeqzx;67
139779729983392;jheulmdopgrz@yopmail.com;ijetrkuxyzhfco;28
139779729983536;semcgzoquktjirlydn@yopmail.com;wxmjflugeqsvtyra;52
139779729983608;wvljdaypksbe@yopmail.com;togunehkrpz;33
139779729983752;ksrhpdnljyoqicagemw@yopmail.com;tpefojalikw;52
139779729983824;ehgimlytqjor@yopmail.com;boexirtwgvfpqjc;51
139779729983896;rduizgfvptcj@yopmail.com;gyjfqrloekm;72
139779729984040;wrjpnlidmavkuobtceysz@yopmail.com;emsvnoqxzcjfu;31
139779729984184;cwtzriegyabkdofpmql@yopmail.com;vsrqbptylinokxucgjz;18
139779729984256;tufxckqwbonizp@yopmail.com;rcidpmeyfosbjgalt;36
139779729984328;hmivsfalgquboyn@yopmail.com;fonhtqcblwmuierajvgkp;55
139779729984472;rtfxgcwzmqljdiuve@yopmail.com;mfgbhxkayotweqn;71
139779729984616;vshqketxwpgmdbnf@yopmail.com;lwuyhozxvmrbinp;73
139779729984760;dqwazvhxktpefsnlog@yopmail.com;ywzcngedqvubmsihxl;43
139779729984832;onrqpmgxsuvfj@yopmail.com;hzxbmsdwqrucik;71
139779729984976;sorhxtkluzibynvpwmad@yopmail.com;wughzarlmyf;56
139779729985048;oxpdvclfjkmqw@yopmail.com;hivuwypfbarn;33
139779729985120;dowpysjuhtr@yopmail.com;xaeopzykfgl;37
139779729985192;leymogwixr@yopmail.com;qhwgekxyurs;20
139779729985264;funzvgjimyow@yopmail.com;hfupdiyvzrctmwnab;58
139779729985336;gmpbwevayzdx@yopmail.com;pvfeyuwodql;58
139779729985408;dktlyhmgxqrazjp@yopmail.com;yvqgltdnapsbc;26
139779729985480;yoenpkhiamsju@yopmail.com;xnyoipeuwjtaqfckbld;19
139779729985616;vmedloswinzapgq@yopmail.com;zylkpfrquomjx;37
139779729985760;dagilthsxwefucnbroy@yopmail.com;imslaknhpbgyezuorcjq;23
139779729985904;rdvwyfzqsgpmlhao@yopmail.com;qesipyxzwj;63
139779729986048;ghtewlmkscquovjaz@yopmail.com;sbikfzqlcvehr;28
139779729986120;ileobnwkazfps@yopmail.com;cyosuvzgmtfipqbnxwrje;37
139779729986264;jswqoxzpvldcnftgeiruy@yopmail.com;ijhkgavefmcpzyxrwdtql;33
139779729986336;aenuxdlztfhqkgs@yopmail.com;edutpnhswfjolcykzqbx;52
139779729986408;eygushkowvizd@yopmail.com;vljaiogdsrpkztfmnxw;31
139779729986552;nswbmzgytpluedcihrvao@yopmail.com;gqlahebyuworcsx;72
139779729986624;erlaxshbuvw@yopmail.com;ontwucmqxyrj;70
139779729986768;zarjpgehftdbcylvko@yopmail.com;gkpxbvfzyrtoc;19
139779729986840;twmhlyeiudcb@yopmail.com;sxfbqjypkmda;56
139779729986984;bzotgchmpfniwadusej@yopmail.com;pxcksbohivwd;50
139779729987128;jgntseyohxcpiwmradz@yopmail.com;ijnowhrxfqkd;30
139779729987200;sjezuvlbtpxd@yopmail.com;cgwsqvrhadm;20
139779729987272;fatqyxpvgr@yopmail.com;uqoxdbpjgtsirc;30
139779729987416;jvqpryeuoazbifdk@yopmail.com;yqmhkfrcdljeiwopbn;43
139779729987560;duemrbvptakigjyxnlhsq@yopmail.com;acuimodgshzrlxvfbkqj;26
139779729987704;czhdkgyswtfvaxeqj@yopmail.com;lqyoxarngjfpc;58
139779729987776;betgqdxuskhipof@yopmail.com;hubciqfzvlpmxwr;59
139779729987848;zaxyhwbvjucgpt@yopmail.com;bqvafruwgikmpxnzj;35
139779729987992;mswrekvhygxdufzlijabn@yopmail.com;gpdetbksylnui;57
139779729988064;exgvomdthzsiub@yopmail.com;tzrmvixwldufysbqhpc;62
139779729988208;qwnebvatldzrkxmoiyugs@yopmail.com;ndibogmtcywfplxkujhr;38
139779729988352;kcnfpsvijmldhtxo@yopmail.com;zguisdchjtxprmyvlebw;70
139779729988496;pmhildsfwxrqvjky@yopmail.com;ycrnzaepxflkuhvwgqmd;22
139779729988640;zonkarcdfjweiyxvubpmt@yopmail.com;zfybwkhuidjslargqvo;33
139779729988784;tfbpxihuqwoscayvrmd@yopmail.com;ihsjzpvmtqgaw;30
139779729988856;fhcgqwzemisrl@yopmail.com;ytuampexfosrvl;75
139779729989000;ivubafcthpoeqsyk@yopmail.com;yukmslnqadzvbptjowgcx;19
139779729989144;ndarcqzgebkylfuijtvh@yopmail.com;iomwpujtcsbeqnhvkfgya;33
139779729989216;flniacydjoh@yopmail.com;kwphtzijfevrlnsuxyg;59
139779729989288;kzvxdjwpughmnb@yopmail.com;khfimeroptncysud;52
139779729989432;pzxtenkjicrdulmvsywo@yopmail.com;aheqzjugylbdptovi;60
139779729989576;gkibyvedtrlasfzqwmoj@yopmail.com;vwdmzourceiq;62
139779729993880;vfyepaxinsdukmot@yopmail.com;dcbqoagzeiukj;48
139779729994024;vqrjmnluzgiaxstcdywh@yopmail.com;klecfouxqyrvnbmwtaz;63
139779729994096;odyxnftscqagm@yopmail.com;qfulaehrnjzwmb;74
139779729994168;eixastdlvpwbc@yopmail.com;yojnlmhzgu;58
139779729994240;snvphtrqaoe@yopmail.com;amxwcgsfzphbujnioqrlk;62
139779729994384;lvjpxwrumbkdnhqtge@yopmail.com;wfgknucdbp;38
139779729994528;tpcwzfljoyqbvdeik@yopmail.com;sxeduzcoqnalmjtprv;51
139779729994672;mlnqadhpygkwvjtfzuio@yopmail.com;sbcwyuqrhlgmkanjzo;31
139779729994816;arlfihszvetjpubyqmw@yopmail.com;kjdrfxvyetnl;49
139779729994960;ejfaqruskinowmxpzhtgv@yopmail.com;uyofqsprgzedlt;70
139779729995032;ectkzhlqor@yopmail.com;awezkloqbht;34
139779729995104;bcdjwlvhxnfmy@yopmail.com;twdjcehgmkvpnalqobxi;40
139779729995248;gsitpbmexwrhcjzy@yopmail.com;gelnjcpdruskftiqyao;62
139779729995320;mnvxjygeszia@yopmail.com;qhjicupodfasmyrkvzxgn;19
139779729995464;qtajzrdlogsupfibc@yopmail.com;btayqdimnjzsxvk;31
139779729995536;ivckwdybsxt@yopmail.com;hnqzmkicpu;34
139779729995608;tlcovqdnafzb@yopmail.com;exwldyfsanozqvhburic;51
139779729995752;gsleopyxfhwtjqincakru@yopmail.com;qodxyzmltcpjfkwhbn;40
139779729995896;fibqjonpkrtzcgxysue@yopmail.com;wdpimzkevhqcujlgybsfa;61
139779729996040;sbayojpmkferqhtvzcx@yopmail.com;fwocksdxluphgnyv;67
139779729996184;hwoxzqlpngedkutafs@yopmail.com;epwfzdsltivh;50
139779729996328;heaugncrbmsjwkyzqdlp@yopmail.com;imdzyavtoxuc;31
139779729996400;qkhcuvgdnpjmay@yopmail.com;xgwcjkbashpqefou;64
139779729996472;bmzloxujawkdreq@yopmail.com;yjzaxudsqvpbiwgerhtm;29
139779729996616;jgsbxohzafprnuiced@yopmail.com;aqwlvmzhpxyks;71
139779729996760;gjsinlxdwfqezhbky@yopmail.com;thcawudskeqvxboz;19
139779729996832;kxstbgjeqfnc@yopmail.com;qipbcxakdoysrtlhnf;70
139779729996904;xbjhfvzctadq@yopmail.com;lweikqajpgtbv;47
139779729997048;xrnhyoqsktdamzeglpwj@yopmail.com;uzpqvngsfhiockyaljdrm;74
139779729997120;iarmzfbqkhydjpu@yopmail.com;vlmceounwspqrzkt;23
139779729997192;qkmdszwrajfte@yopmail.com;fiusglcmhyprbd;55
139779729997336;qualxbvnotrjdgifkpcy@yopmail.com;edkprqjnghx;27
139779729997480;tjbzixmoqlrngpavc@yopmail.com;wipdyhmekabonsxtrqf;63
139779729997624;juelqzgyamptxwsvicfon@yopmail.com;wdoiaflzngcjpqvyu;32
139779729997696;yeclzhaxbd@yopmail.com;bfukwxptijhocsqyznl;65
139779730002000;evzcsldomqahpign@yopmail.com;xugsftrvwni;33
139779730002144;jmiduqaslcnwbzhekogf@yopmail.com;yacqvzdfmnslki;34
139779730002216;sbpxoerfhk@yopmail.com;uqpikftmledov;22
139779730002360;howjzvtcxqlkageubyni@yopmail.com;cjyheibzson;39
139779730002432;uzcvdjiayormq@yopmail.com;ctzbuhkaqloesvxiypdn;39
139779730002504;jegqyuxiha@yopmail.com;fowhlksgtbrquxvmz;40
139779730002576;pmalzjxkftcg@yopmail.com;btgyexvmnhdrowjlpkizc;34
139779730002648;bfvjorlneq@yopmail.com;wdevsqobhm;37
139779730002792;gwqnpfxdeytoubjkzi@yopmail.com;blsryqjucknwoamvdtzh;42
139779730002864;jemogvhltkdps@yopmail.com;iqkajwlgxr;59
139779730003008;wfvlbotxsndepjgkzr@yopmail.com;khcwoyspzigljvt;56
139779730003080;xodumflrtis@yopmail.com;lczyjxgrnkqubw;54
139779730003152;hocxdvlzwfjpet@yopmail.com;sbjvzmigptuxleyqhwcn;40
139779730003224;rzkmioftpb@yopmail.com;svynqaijfmwcrzkthogeb;36
139779730003296;ebqitwdsmo@yopmail.com;wjceyrtuqaldnbkxmi;72
139779730003440;ozymlnjcpwqsuategx@yopmail.com;zxfolyigeskahvqmcurp;38
139779730003512;piubowdlqh@yopmail.com;bogwpnfdsm;38
139779730003584;luxrbydkfswj@yopmail.com;ilbctxdrzsq;43
139779730003728;loygsfhqczaxpnbj@yopmail.com;mfievnbtaghujxozp;30
139779730003800;athrkolxicu@yopmail.com;vcjdxnlifm;49
139779730003872;ekwihgyrdojs@yopmail.com;hyvpegrtjbfdaxkn;25
139779730003944;zvhxbsqlwyfrujo@yopmail.com;amqxyzwpnthscdjuf;25
139779730004016;uowlqfmpsac@yopmail.com;mwbeqjyizuaxrflkc;53
139779730004088;spmzekculdhjbv@yopmail.com;buktcgejdmlhaqizyxfwp;62
139779730004160;fmlpaxqybgik@yopmail.com;vueohtqwximlsk;27
139779730004232;pasebnhliwvjgtm@yopmail.com;wtxrkucbnayzdgfloehjp;20
139779730004304;qnmlrbyxheawzo@yopmail.com;afwqnbmilcrjshge;73
139779730004448;fzhwnjlcvdoiuxgar@yopmail.com;uehsqlkadrybfxwg;42
139779730004592;uobqxdyrcwpahgkfnmez@yopmail.com;grnkqmfeshlycjuavpzw;18
139779730004736;milraqjznobehctyk@yopmail.com;uvnbkzjmgrfhcayqo;48
139779730004880;zudgwcshtrblmyaovpfq@yopmail.com;cstzrpovnjigwedq;47
139779730004952;kdynevphbf@yopmail.com;nzewokxjcmpyrluqbftg;43
139779730005024;peyktwqcovarfxn@yopmail.com;ipnoraxqlkefgjhvtud;21
139779730005168;eymarwhkgzbcliqtfx@yopmail.com;ogwqebuvtzak;63
139779730005312;pulcvkdenfyawtohqis@yopmail.com;qxzpmdensf;20
139779730005456;dswvjuznqfolhite@yopmail.com;nbsuvjopyt;27
139779730005600;teypzmhnfijoqadvgbl@yopmail.com;hbpewociaqfudzrymnlx;56
139779730005744;slxeifmrpcquogzbwkv@yopmail.com;fmqverbokanhgwp;53
139779730005816;jpngbqszfrdvyth@yopmail.com;ncefljbvygixsz;53
139779730005888;pqtnauhdsk@yopmail.com;vpxefmqgdt;32
139779730005960;hanfdzovrklpq@yopmail.com;ngmalkxzht;65
139779730006168;ofdmgwkaxtvhcqyer@yopmail.com;trzuacmvpnqlfjhi;55
139779730006240;xfgshcaokdt@yopmail.com;qbhymdkisogncrfwlzeut;19
139779730006384;saxtwqnjdehvumgzcpy@yopmail.com;dwikrmugnbjocpasqle;44
139779730006456;yaolcpridjqh@yopmail.com;zjbdmqkplurashe;46
139779730006528;atoyqgnmpz@yopmail.com;ajbdycnhlkp;50
139779730006600;cmeukbjhvalp@yopmail.com;pqcyeshrmwlza;64
139779730006744;pdyzxabmerwslcnfqi@yopmail.com;jelkombanysqgw;73
139779730006816;mpdiuxotzejsvk@yopmail.com;bfgopqnklszxt;40
139779730006888;oqfncldhku@yopmail.com;dbafvptnrieqylukxgzsc;39
139779730007032;iatynzwpohcfxdubqsgr@yopmail.com;nyorhxmwudlcaetkgqvp;61
139779730007104;dkenzgourxia@yopmail.com;kjsbwuolhyg;44
139779730007248;xkfangdvbhscormuji@yopmail.com;ridjkvpwafsnh;60
139779730007320;tlczrgdjoxs@yopmail.com;fwygscoadqkrlvie;67
139779730007392;fdirylmthopxwgs@yopmail.com;dijzfqogrtsukmnwyxbh;53
139779730007464;arqhgmdvplitbo@yopmail.com;icmbzvfjptgxerdwo;60
139779730007608;asnmiqwuhxklgefc@yopmail.com;ialxqhysgwebkuvjmpz;60
139779730007752;fmluaibeqydjscoxr@yopmail.com;vdcmloranieth;64
139779730007896;ifzljypvdgbtqcohrx@yopmail.com;pwjiohuqfbr;61
139779730008040;sehcjbzqvyxpdnrail@yopmail.com;ldkaphruyb;72
139779730008184;mvdptfzkweyxqjhagon@yopmail.com;qdonpekjzulcahtr;48
139779730008256;xilocbmqjdpvzg@yopmail.com;mcajpowftslvzdkiuhn;43
139779730008328;tlkdnojbvehg@yopmail.com;xotpkusqzwralmgb;68
139779730008400;qifgulvcdx@yopmail.com;sfzautjonkeyqbdxmhl;75
139779730008472;nlcyewuvqx@yopmail.com;erhwxjkltmsqnpayoci;63
139779730008544;polvbkfighywq@yopmail.com;csdkwafnylzqhogx;19
139779730008688;majteywzfuvokqlc@yopmail.com;aihsyejrfgx;31
139779730008832;iqpycxolvatmjhbsdefzu@yopmail.com;vwagodsrbuykthzlnqem;33
139779730008904;oaslxnbfwzpgd@yopmail.com;vodcbjwatfxnlpksmgzq;47
139779730009048;lrxshjgnkqwotdci@yopmail.com;nspxclrwkqhbetid;58
139779730009192;zxdgrcpimuklofvqwh@yopmail.com;ieucjqfstlkgyoaznphvb;35
139779730009336;gwamlkzsyhbpjxercif@yopmail.com;ozdfjqvbiauhespcrgmty;63
139779730009480;jwgoatvmseczbryn@yopmail.com;jckbzltvodmgisq;50
139779730009552;hrxwcvkpigf@yopmail.com;ygmuebfhwax;31
139779730009624;fskglmdpqb@yopmail.com;tnxubwcehalsfyoqdkrvz;31
139779730009768;uknhvtzfyqxjpacswor@yopmail.com;gobukyqxphsezvicml;31
139779730009840;nmgswirqjevxpzd@yopmail.com;kvfqlnrgzyoxumi;66
139779730009912;uzponresgwaqj@yopmail.com;dzlvhrpeqawgftioxu;33
139779730009984;qsamhegxznu@yopmail.com;ioyqrzawcupvbtklm;28
139779730010056;ngrecfkdtsou@yopmail.com;yxpnrijohlst;54
139779730014288;lqwmkjhtyuda@yopmail.com;vfdpbilnwayokexjq;59
139779730014360;yjgxnawldq@yopmail.com;lztaumoxrghcyden;19
139779730014432;whulrbgpiaymef@yopmail.com;pzamdrcbtewyvoskuqh;26
139779730014504;pkguahlqiz@yopmail.com;xrjqlcouaisgfwn;71
139779730014648;gkulwdshiyjbznrqxvem@yopmail.com;sdbmegkvwjlrch;62
139779730014720;wrkevcbzoqmy@yopmail.com;txhengwiqyub;34
139779730014864;kdoxntrsghjbeymicwqp@yopmail.com;puqbktrhyevwolad;32
139779730014936;qaicdxberkys@yopmail.com;veljqchfgxwndmt;63
139779730015008;pugwjrhftvz@yopmail.com;nxaotcjwvqpsuyibm;18
139779730015152;dhulojmxvnfcpqzys@yopmail.com;zwvhpfcbmjaytgie;71
139779730015296;ygmqwxvrilnbohzuek@yopmail.com;ukxacogezwjqpytv;56
139779730015440;pkenbysdtzqxuarfoicgm@yopmail.com;cfhnxiszpobltvkdj;23
139779730015584;htjclindbmvuarqpeokxy@yopmail.com;bdhsoknxmgl;27
139779730015656;kgzlfjvydwuxi@yopmail.com;rdyfschlbmkqwontjvzup;57
139779730015800;qhzjnydswlrbtfvmxkogi@yopmail.com;cdevgsyoth;60
139779730015872;ubgnatwcfiyzvqh@yopmail.com;cepkjhgvmusaytboxi;40
139779730016016;jazidekvgnmpoyhq@yopmail.com;efdmjvagpxszbwhncq;19
139779730016088;yvjuspoidzkwrq@yopmail.com;gepkiburctzysowxvfjm;67
139779730016232;gbfmponqkxcehjiv@yopmail.com;yhdozaveurkbmwp;47
139779730016304;ohacgtwsikjz@yopmail.com;epcruxnlyigfwko;39
139779730016448;vbkdrzufxthpwniye@yopmail.com;vpzbxrwnjcsfdemuqlih;45
139779730016520;wjhyrtadioz@yopmail.com;ymwnqfrodihgvxl;29
139779730016592;fintgoyelprsw@yopmail.com;vfygxdzoulmejkit;44
139779730016736;wnmjpuxfechygsdiltzb@yopmail.com;feakryzpqn;51
139779730016880;kasbqtgomrujdwfycxe@yopmail.com;njtiwoevqxzlhmcdb;45
139779730017024;ivwmqzuhaxckspyorfb@yopmail.com;yvmrjntufaik;43
139779730017096;hofpgjaqvkwnbir@yopmail.com;nqexducjhstira;53
139779730017168;arvqphojkestim@yopmail.com;wervsxpfnm;65
139779730017312;avbrmiexzdwqukjf@yopmail.com;dctiqskyjgaoflhwb;58
139779730017384;ugmkfahcenyjs@yopmail.com;jdqhfxnzstwagebmprv;32
139779730017456;thcxgrqyab@yopmail.com;gzetumdrvnblkjoa;69
139779730017528;qgjlkczydm@yopmail.com;japqzesbiu;46
139779730017600;kvhmrjoscelnz@yopmail.com;gfwlhymzeo;22
139779730017744;qrwtcpfuhbalyzmeoksin@yopmail.com;xfpmqnkdte;59
139779730017888;ynauidqsxtpmjebgchwzk@yopmail.com;jopvuqmfbyzsnthxie;54
139779730017960;hreposnxbkv@yopmail.com;cxatzbjnkphmsdeqgflri;47
139779730018032;lbwmzpetqkfxrds@yopmail.com;jxwpinreqys;62
139779730018176;fotenvjlmhwsduiykxcqg@yopmail.com;gfatlowryjk;27
139779730018248;nzymhtqgaxwijs@yopmail.com;rgxwhiqlzsyjnpk;20
139779730026576;ilcskovznhqamp@yopmail.com;ebuzvofwyhxmsjarcngki;36
139779730026648;jnusiyfqzxkowr@yopmail.com;daeykwflvszumtgci;35
139779730026792;smyjqzhnciltxwepuvg@yopmail.com;flzsxiboygeqtahjknup;19
139779730026936;shykiprmwzjetnqf@yopmail.com;ufagbozyvmetxih;69
139779730027080;ovxyarsjudeknhqctz@yopmail.com;scymkhfvbqitoedj;47
139779730027152;fhtejzovrpaicnb@yopmail.com;hnelmsuovit;74
139779730027296;oajkvpuhqsbydlzgwe@yopmail.com;uyxmpeagqifndjkohw;18
139779730027440;kvipaofgxncjmbrduts@yopmail.com;wxnylpmzrstajhioqk;67
139779730027584;sxtquckirjwgypzel@yopmail.com;bqxdmkrhupjntewifclo;29
139779730027656;resfxmiotyzh@yopmail.com;oudhmjqecilfrbygav;54
139779730027800;fphcznkdtvluaxbowjeyg@yopmail.com;cxqnmklgivrhdea;23
139779730027944;finolgzvhajtmckqw@yopmail.com;gvwmftedxjszirpa;63
139779730028016;wykgbfcdmveuxt@yopmail.com;fdkgqpjhatn;67
139779730028160;itxnkormbwgvpycqj@yopmail.com;sryekjqbidctvnfg;31
139779730028304;juvwqzixamdsfokehngp@yopmail.com;wxgblvmcknodpsr;65
139779730028448;jbuocwxamhndgkietp@yopmail.com;sewduogxnjqmty;61
139779730028592;jidwqfsxhvpurgone@yopmail.com;giwxrsfepdq;73
139779730028664;gqbmkilnfad@yopmail.com;ndptjxkoyesfhiuwc;39
139779730028808;pnqdyzfmuglakjrv@yopmail.com;hjpwvaqfubgyizrn;39
139779730028952;glzctfqohnpweaxurk@yopmail.com;pzriubhgmneakqvlyjofs;26
139779730029096;wicbqajfgtxsukopr@yopmail.com;nxvkljbfshzwuaec;67
139779730029240;cdejvuzwlbtnsyixgm@yopmail.com;yhqbvezimrlpcgjwxkna;53
139779730029384;qxfujgwacdbrmlye@yopmail.com;ubqscpvzxlfaet;22
139779730029456;tkmnihpgjbfle@yopmail.com;alpomivkefn;29
139779730029600;terzkvwogijnqcdm@yopmail.com;hxtpokwasfcmurdjgilq;39
139779730029744;bmjestvnpwiufcxyg@yopmail.com;uqnhxkvzaldjfocbrwtsm;46
139779730029816;sxiduvkeayf@yopmail.com;ztprlkecsqaybjmihuw;53
139779730029888;jgefdqwurslv@yopmail.com;tjyspgmribqkoxvwaudfc;74
139779730029960;tnplkfucmxz@yopmail.com;fjbazsuvxkytrl;75
139779730030104;zbvfawyktqxmuirhng@yopmail.com;tupxhidejmrgywacvolb;54
139779730030176;xoagbkmuhsdpyf@yopmail.com;nxkawtcsdi;35
139779730030248;ocvypsfmbkgnw@yopmail.com;whxfugqdaoljbkrmpin;53
139779730030392;czulamvwdrigjpnxtqk@yopmail.com;ogujwpmysadibvrnzte;56
139779730030536;laniswgofrvquxkbc@yopmail.com;iqmvlrtyuspwkh;26
139779730034840;krwdylmfesubxhtigjon@yopmail.com;fkjglsqzmyabcnweuvh;71
139779730034912;oxyjczvgeswatk@yopmail.com;uisbvymnpwqohctaeljx;23
139779730035056;blsuinfevcjtkwyod@yopmail.com;gmzvulsnpbrwhqayekfo;55
139779730035200;irdpmcqfguhkeonyalw@yopmail.com;ezfpwidyqnbg;30
139779730035344;bsulpjfnzrkcmvwyxq@yopmail.com;ihsvclaobxgjyt;43
139779730035488;byvowmfqczapixntljge@yopmail.com;cobuqizvwkgjehds;73
139779730035632;gtavexksyzdcuwrhojp@yopmail.com;tmapblguqj;61
139779730035704;rzeqsayuxplh@yopmail.com;wkdeprtuijfcbnyqzv;58
139779730035848;rlwadpvtqmxfcjbue@yopmail.com;dwvybzoafcsphtrkeix;57
139779730035920;jqtfgbcpxdruyhw@yopmail.com;vfzbsyrtxdochj;58
139779730035992;rcvibwuedpljhxn@yopmail.com;cfhpbvezmkndtysox;39
139779730036064;jilncsomdykurth@yopmail.com;fpudkhgtsvbenilyrq;66
139779730036208;ydjohtxipkwmanfbrc@yopmail.com;rzslybtkdehwxcmiguq;51
139779730036352;acbiefjlyqgzwotsrd@yopmail.com;smogjnkdylcpx;70
139779730036496;ydsxugjqpezhkmrwinal@yopmail.com;ropbjnvfdcxyamw;30
139779730036568;guomdfqjbcizvl@yopmail.com;mpjioznuvlcxys;66
139779730036640;iatzjbuvlcwg@yopmail.com;jemwnolqsvgbrcthu;68
139779730036784;nyxtsqzwrufjivdma@yopmail.com;noxjqahyplekzirbstvwc;34
139779730036856;lkbgydvarpxus@yopmail.com;qxfuvpbydjz;42
139779730036928;trmzjvqkwxa@yopmail.com;iglatquwfhoydc;23
139779730037072;elfvinyxaqmzgphtbrocs@yopmail.com;fdtqcaipml;59
139779730037144;psjhawlztumvc@yopmail.com;plwukfybnzmd;22
139779730037288;fzgmjnhdrpuecsxyobqw@yopmail.com;svxrhypzoiqwaebu;31
139779730037432;opiutvfhlbkdenjg@yopmail.com;gktdxiufoyqcsa;48
139779730037576;nwktphmfujqyzisgecab@yopmail.com;ihkynfosgxmb;23
139779730037648;balzkyjrcdqugt@yopmail.com;bhqaigzlyreotfpdwuksx;59
139779730037792;qeuowdibavclkngx@yopmail.com;vnlmftpyzcriqhs;43
139779730037936;fcimsqxunktrbezo@yopmail.com;yxznrkiwpvtamclh;32
139779730038008;lkednrztpa@yopmail.com;bopnvtcwiyuljzxm;49
139779730038152;mlhqavezbwirsktf@yopmail.com;gshtbqnecvzaydujfip;47
139779730038224;xeiwsndmubqh@yopmail.com;xenzysqcgarihjpvkdbfl;37
139779730038296;xbikqpmcvayd@yopmail.com;djtvxsarpmlzqowyfbcnk;40
139779730038368;mxryzpdjagksulh@yopmail.com;jpbxiyvkqleafcdr;27
139779730038512;pedtxzolnhgbcqsrjw@yopmail.com;prxdtekmilqznfghc;32
139779730038584;tcxmiphuwoqvsg@yopmail.com;hlwgrimaxcuqfpden;72
139779730038656;hdiqklnevura@yopmail.com;lcrhakqswjfmd;46
139779730042960;fmdixboynkvqchsap@yopmail.com;mcnldyqwjr;34
139779730043104;ftyvcompkjeixanlwd@yopmail.com;lipurqzacswvn;37
139779730043176;jpzqhugbviy@yopmail.com;qtwpdngumrfexjziovbs;35
139779730043320;avtqxnkrympgczwedojhf@yopmail.com;wmlyjiehnvcpaftb;73
139779730043392;smzqfvjoyitgwkp@yopmail.com;qxzjlrcevtdfughpowki;75
139779730043536;lhytrdpexkiwqmvbc@yopmail.com;obtyaxdivc;56
139779730043680;ynclkdbvfjiwagepqmuz@yopmail.com;ngjotehfiqzkrxwcum;67
139779730043824;xbohjztckvuqimswn@yopmail.com;etcxgosmynidzvrwl;24
139779730043968;uhtpzywbxlkjavqignf@yopmail.com;famhnzjbuvxipscdoye;66
139779730044040;hsnkupmeogvw@yopmail.com;epmwinqhzcdf;50
139779730044112;txrloahypf@yopmail.com;xmseapdfcijtvwkunhb;41
139779730044184;fesijrazbouwdpv@yopmail.com;soyltcfnviudgjxwkambq;41
139779730044256;xjbvarqtmghokw@yopmail.com;agsckplvfxhuybzi;72
139779730044328;xgejblacvn@yopmail.com;fpotdxubhayizrwlgje;23
139779730044472;hzbjdncseavuopqgywkf@yopmail.com;yjivlmxwozubhfgq;67
139779730044544;kalspgtzyfm@yopmail.com;zrnikqwhdtf;75
139779730044688;gijrdmvqfwabezntx@yopmail.com;uwlrnifcqzpbexhgjo;27
139779730044760;eokzinqjlptsvg@yopmail.com;qcauwboxgsvpf;39
139779730044904;yahunfermoxjlvdzt@yopmail.com;cilvnzeywfaj;61
139779730045048;jfgawkhlrznqyeutp@yopmail.com;dbykvirftwhp;32
139779730045192;svmdnqlfhukwgjyc@yopmail.com;jvmxdchlze;55
139779730045336;rmpuhbqfsjownyzkd@yopmail.com;qgklmifsyavp;70
139779730045480;bspwuyxqifhmrotnlca@yopmail.com;vadhqflkwpyiem;22
139779730045552;wcoydnzmkf@yopmail.com;raukfwpnlobtv;72
139779730045696;ohrdsjplfgbnzeuiwyv@yopmail.com;yjstqpzgiranlfcxvdw;43
139779730045768;qokzuifpxcm@yopmail.com;yctjmdesbvqlughpoxrzf;75
139779730045912;mkfjoungwdpcyxqhev@yopmail.com;cpaqzxobidfwljr;61
139779730045984;hktpflrzdumev@yopmail.com;fiholyezkujbpcatmqrng;31
139779730046128;cufnprgkqmvzsxihbe@yopmail.com;krzanoewvfxylgjpbsi;60
139779730046272;bxjvyuketgqlmwpnhisoa@yopmail.com;rctpznwvogkemsbahuxli;69
139779730046416;carwenxudmhbkjzfsqilg@yopmail.com;eotlcypdnwkxbaufgjr;40
139779730046488;sxljhtikgcnmqu@yopmail.com;ixysdnhgrqazvecubmo;43
139779730046632;zjrwqgceydatvbpxom@yopmail.com;smjqrovcghbuypz;39
139779730046704;znjarysitg@yopmail.com;pafzosjhcwnm;50
139779730046848;ymhvtqbdxnkowjflg@yopmail.com;ockjdtwuyrpzxehnqvsga;18
139779730046920;eluinroqgbjavmh@yopmail.com;xrcagoqkfvtiu;26
139779730047128;xagpkvtulihendrsyqob@yopmail.com;wtehyrnajslbkiz;71
139779730047200;cerkyqpzfliw@yopmail.com;nbxpgathjiylfmz;62
139779730047272;dxqvtkpynmfuras@yopmail.com;pujbsyqatgxciwrlvohk;54
139779730047344;scvoemrbdipnfqa@yopmail.com;gqxvskzaeocyft;24
139779730047488;rmwxpbuoehsgdkjaqy@yopmail.com;thsoaqrkzygcpni;35
139779730047632;fshzyeqcwvdjtbpng@yopmail.com;dlkancjiztgb;41
139779730047704;rlpvfxnsckzu@yopmail.com;bkxulmaingcvhywfpe;63
139779730047776;dgabmhyusol@yopmail.com;kbnaxgqmpfv;23
139779730047920;sdizvpauwxrqfoknlbce@yopmail.com;kdertlmxbqfjzcinvo;53
139779730047992;dapyzvucbsetgi@yopmail.com;xrqunipdfwmceb;28
139779730048064;ljtkcdgeqhab@yopmail.com;njqfmpykxivaoldc;40
139779730048208;cvnqirtxwyjumflhgkdze@yopmail.com;fphkdglayoimwnvt;72
139779730048352;iwtkdgfecpmushaobjqxz@yopmail.com;ogybnzkrdvftqlxscheuw;62
139779730048496;lhrpjqwfviogdyuc@yopmail.com;yvwgimaedhbqpjsztfxcn;71
139779730048568;adzhqglvnmwexry@yopmail.com;vxjktihoupflzb;69
139779730048640;faylcgnevdt@yopmail.com;vjstoyrbangphewlmcd;48
139779730048712;fveokduplswhx@yopmail.com;opmdchfqtliwvax;47
139779730048784;adtelgrwvqisnb@yopmail.com;zrqblmochykgdxtevpwij;56
139779730048928;qmysciokwjvdrflh@yopmail.com;tqvlxgyiasdekpocrnu;58
139779730049072;evtjzwanpyusobkdciqlr@yopmail.com;pteduzrfyhvjqowxbnm;75
139779730049144;endaxmrltcyozhs@yopmail.com;hetfjqkuvlmocrxw;62
139779730049216;icnuezlsyrhvxm@yopmail.com;pfxadbeqviwozmcthsyk;19
139779730049288;jdytcxnrlkovw@yopmail.com;nfpmcaqjzexodk;45
139779730049432;voztkyhslicdmaxgfu@yopmail.com;rdhxkltyuznewoaspfmj;31
139779730049576;evayrzjdupstgclxkwbif@yopmail.com;zkrxjofqdymuielhwgvt;24
139779730049648;brtfpvohekmq@yopmail.com;drhsapimlwb;23
139779730049720;ntruchblpygkjzs@yopmail.com;pkdnlqfoumvejbcrh;40
139779730049864;hcuwevdbxsgtnpafklr@yopmail.com;xyhiqnogepcvl;64
139779730049936;msyzvxilaqpe@yopmail.com;plnjhderfumzwivsb;18
139779730050080;rbyqisozwktpcvdhmax@yopmail.com;lnbktrjofxhuswqpycm;33
139779730050224;suqfazihtmvecnbyjor@yopmail.com;ehqpyxuwtvrigbsk;26
139779730050296;dfopkhcxerlyn@yopmail.com;qxjhpazywfdukiems;18
139779730050440;djbqcefpsmxwvgtoy@yopmail.com;cujyvzgtebqs;49
139779730050512;bdrkcvseufxt@yopmail.com;kqhrpxjyfmiuzatlg;23
139779730050584;aisfroldxtbpc@yopmail.com;qyazrbcoijuwx;32
139779730050656;friztsakdxhqpg@yopmail.com;gfimzvnqdotrhswalc;18
139779730050800;ntxwdblsviueypfozhmar@yopmail.com;eltduyaqjvhxowm;36
139779730050872;lemcphyvik@yopmail.com;ktqwplrzyxsebuofn;57
139779730050944;foldknsphemagjz@yopmail.com;zrkwtldaujv;32
139779730051016;kjvudrpxomlf@yopmail.com;ghzkbemsutij;18
139779702440088;rihfxdbmwleoaqpuyvc@yopmail.com;wzdashyqrminjbof;40
139779702440232;kjilfnpthbgcqavmrzy@yopmail.com;ekyzjgnrdwxqbvsfliphm;31
139779702440304;avkmrjotbfuplwh@yopmail.com;nqzavfgetykwship;40
139779702440376;malypwzisgo@yopmail.com;kacxzyqfbjutreigv;75
139779702440448;tgkndqsephrwzcj@yopmail.com;wnbdrcygueatixj;41
139779702440592;zeuajhkdqspwvcbynfx@yopmail.com;xrlopymkcuzdwfbs;24
139779702440736;fghbutsdjmokzpyir@yopmail.com;fmverqbwusl;67
139779702440808;vnfxksmopubj@yopmail.com;bevogkjutfhlpmzsw;24
139779702440952;qjdiuxetfmpwhyclkv@yopmail.com;vecomibqydpgj;28
139779702441096;txwfjkmanubpyvcr@yopmail.com;pogyvezxdqblchrjmusa;46
139779702441168;exijbcqmhydf@yopmail.com;uhtjqgdiavb;63
139779702441312;ntbwxqvrapyisjzdmlguk@yopmail.com;svcjdmnapo;50
139779702441384;myizohudwa@yopmail.com;uhfyoapctz;54
139779702441456;pcvrasfzyjegwiu@yopmail.com;qaipbznucvm;54
139779702441600;vfaktilqphoynerzw@yopmail.com;qbdeijrhsvuxl;28
139779702441672;rmuvhtibjgc@yopmail.com;jnphbamueick;30
139779702441744;bpcmudystivhgw@yopmail.com;oxmzjkgntywh;26
139779702441888;eprfjuabqzvyxdcm@yopmail.com;pbguqoldxmvayjtniwfs;39
139779702442032;kfhjbpaurnztevsoyx@yopmail.com;ourestnzamvfklgxdpbc;21
139779702442104;esopnkfzbva@yopmail.com;cuvsdkizpthen;29
139779702442248;lvtgypdhzaosmcxfkbr@yopmail.com;czodxerbsjqigwmtfyau;58
139779702442320;kubwyhvnsq@yopmail.com;mbfjegiwxk;73
139779702442464;ivwxafdghlecumtk@yopmail.com;seqbtjdwgrv;34
139779702442608;inltmapdrzxogwce@yopmail.com;ctalywmgdvhuzskfqiob;47
139779702442680;wfvoqipubmyrd@yopmail.com;spdvnifrha;74
139779702442752;hwbkcupjirtnoq@yopmail.com;izqyureftgj;67
139779702442824;bgxfuvphcqteikj@yopmail.com;rxniukdyjze;60
139779702442968;eqvhinfkaxpdzbsgtrjul@yopmail.com;juewkmpyboxhcvfrtisg;44
139779702443040;pkuchdvloewxmb@yopmail.com;mwaqvisdkurpnzobgxf;71
139779702443184;fqkdtlmbuonrjxvgpca@yopmail.com;qrfolxumcw;20
139779702443256;wvorhdueytnq@yopmail.com;stmajnfyrwoh;41
139779702443400;njxhuoybdqkwftslczmg@yopmail.com;gpefujbntycxolvhw;22
139779702443472;plonfegizdaktvj@yopmail.com;djysepwcflrt;20
139779702443616;cmotlazfehwsgrnkubpdy@yopmail.com;trghnubovlckysp;29
139779702443760;ynpwrbexzvcjoqfuidkta@yopmail.com;xmgkpjtzcsvl;58
139779702443904;jroeabzvswuhynkqltmd@yopmail.com;nqcavxpuzrtdioblesj;24
139779702443976;nlcfyjavhtpi@yopmail.com;norafpydcgbsilvhjtwe;75
139779702448280;fsmlykghzdpeixojb@yopmail.com;iwtplckxnvubheya;48
139779702448352;tbarfmwynxo@yopmail.com;bakswvyipef;56
139779702448424;wyvmiutgjafbzx@yopmail.com;sqychokirjpmwfzlauxng;37
139779702448568;bgpkohtewiynmlsjucqzx@yopmail.com;hcmugatnioyjvep;25
139779702448712;stgkybulrinmafvexcq@yopmail.com;uflwvbstyrzmehapg;30
139779702448856;pkmgdysnflzoqxtwba@yopmail.com;ornspxtahzuj;74
139779702448928;xlwsrvbikgemd@yopmail.com;ltapgdbvknosriq;61
139779702449072;syiwkvrhumtzglqfox@yopmail.com;oxakmwputnzsibq;36
139779702449144;ruzlofkxhajedti@yopmail.com;dckymifuto;51
139779702449216;mxfozlktvi@yopmail.com;utrjdkempbhzo;63
139779702449360;hxleifgdsqkocbmnypa@yopmail.com;zaqmsbvtuprexjg;25
139779702449504;lrwyuqpxavebnfokjmt@yopmail.com;nbjlsqkipvx;45
139779702449648;ocgjswdpmnflvtyh@yopmail.com;ahfgtxziurdynvjwscl;53
139779702449720;wirlvpnumtagsez@yopmail.com;yfakgzvtsoujxl;63
139779702449792;sqawmpgboly@yopmail.com;szdejmvitrognxblc;34
139779702449864;duejkflgmts@yopmail.com;rnvgacohpidulfs;40
139779702449936;ocgzbsmatxlkriy@yopmail.com;xlmjteyponrsci;68
139779702450080;mtpigvujdfshqoxlyec@yopmail.com;sqvxafupgcmdilwyn;66
139779702450152;hlvpwycbkzi@yopmail.com;vmyihbexzfjotcsuna;54
139779702450224;vwhjqdelkubs@yopmail.com;xomqpcafsglrhy;34
139779702450296;qmlkwefndxpzcv@yopmail.com;tazifyhcrkqxmoe;30
139779702450368;yjtfdelvro@yopmail.com;nzqoxcupdairysmetl;67
139779702450512;dnrbkcimavgztpesh@yopmail.com;bjxfgipechdlsrz;64
139779702450656;ydgowvehcmsuxlitj@yopmail.com;spnitqcfegkjvxob;36
139779702450800;sluetvbcgxdhawyj@yopmail.com;kvnobxgtlpc;48
139779702450944;jcbpxwvoqiztkmrung@yopmail.com;ckqemyfhubpzwxas;36
139779702451088;wuarzkmpjvqichoes@yopmail.com;nojtxplrgvukzmsbf;47
139779702451160;jveswzcyan@yopmail.com;blrnkcweafopdxzvhyu;46
139779702451232;eaozrxunbw@yopmail.com;srnbgqdmel;33
139779702451376;sdnzvocibtraqefugpxmk@yopmail.com;wjspocbydv;26
139779702451448;jrbwyukdpat@yopmail.com;dbuqerxwizftlcgs;38
139779702451520;hlixatdqfcsw@yopmail.com;fatwrdpmyjv;64
139779702451592;jxmqnokicapurd@yopmail.com;ueiomcjpdzftxnsagwvqb;26
139779702451736;exfiqvbatsurpnhcmlz@yopmail.com;qixyjarpbvfncm;64
139779702451880;imtgknbpadjfozhw@yopmail.com;cklgqbavmhruwey;44
139779702452024;meqckrjfxnstlzdp@yopmail.com;pxnqtmwacoyfjdzkuvsr;21
139779702452096;vldcbpktzjnhi@yopmail.com;ytohlaxikemzwf;67
139779702452168;jpvcxywrsqohlf@yopmail.com;fkunoymezdpxsq;35
139779702456472;xardtmykhobzvpgq@yopmail.com;bkcovgqzrfad;48
139779702456616;faujcrxkdplnyhobgt@yopmail.com;jrbnlugpodekfs;35
139779702456760;psiqfhzwtboaeukcrdgm@yopmail.com;rpnmlxizqubcshakefj;66
139779702456832;pzubecaijwo@yopmail.com;azxptwohngef;54
139779702456976;wctsqkpfzbylmhvua@yopmail.com;xewindaumc;52
139779702457048;vfbsjmdckwe@yopmail.com;elqcdwagsbziojrp;65
139779702457192;dgybwjuazkpcmnlf@yopmail.com;ksawemoglbnizvprtc;72
139779702457336;ecxaihtjvzfrgdpklyb@yopmail.com;ogzaxkunwbljtmspvhyce;31
139779702457408;qemxzkabhdvgy@yopmail.com;tevhxyjapu;58
139779702457480;dwatkpgjsmezi@yopmail.com;osvblarmduixpc;35
139779702457552;qxgdlimhvowr@yopmail.com;hpqmswzrceyxluo;28
139779702457624;lyoktnhqumczew@yopmail.com;lztnwbkcrduqshjapg;46
139779702457696;pvcdgeuznh@yopmail.com;nwqudksrzvo;47
139779702457840;fuknjrdpvbityeqmsloaw@yopmail.com;bsxfvagcyozk;24
139779702457912;jvucgthresonkyd@yopmail.com;ihtwrxunjesckalbf;65
139779702457984;oklrdjqbgeyu@yopmail.com;kgvrnympzdfco;62
139779702458056;cuovsklybzxad@yopmail.com;jwtiochpkenmufsrb;45
139779702458128;vsjadwlkfxp@yopmail.com;vitomhzygcxrlqnd;30
139779702458200;vpamtizreqcwg@yopmail.com;udynxvgqktzhis;74
139779702458272;cfgiapklewqdjs@yopmail.com;tjqwnbkezvryxof;60
139779702458344;drzniehtxys@yopmail.com;sufjzkhcmiwn;44
139779702458488;xdpgwshvftoulncabzjqm@yopmail.com;vneqhowxipcatmyrl;55
139779702458560;jvlxwbdtny@yopmail.com;uaifotheyv;70
139779702458704;owbhidzemuvklqfp@yopmail.com;isovgaxmcrnejfkh;30
139779702458848;opvisfthkzbjyuwdle@yopmail.com;xhvniwmfdsejyloagt;46
139779702458992;jwbnvpmelaksciryogxt@yopmail.com;fczwaotembvny;18
139779702459136;gqpzhoyivekjrxnuslmb@yopmail.com;doznacqugiev;19
139779702459280;mfpsyeolktgbzhwndau@yopmail.com;rzisjombwqhuynt;21
139779702459352;hfpinsazqo@yopmail.com;ekavoitlbmsjr;50
139779702459424;klhdycnjtzbuf@yopmail.com;gcpoidyfublntsmvq;67
139779702459496;uaglorthmb@yopmail.com;szgikoyhxmvqjpcd;74
139779702459640;ysmqcxwpfdgbkljth@yopmail.com;xtzkonlfmhg;27
139779702459712;gxdleyqnpcua@yopmail.com;sqidmgrcjvhx;53
139779702459784;hydcsoetgwrfn@yopmail.com;xputindcbhger;43
139779702459928;gjebsqahktwcnrypv@yopmail.com;ogcustnfkz;28
139779702460000;jxoctmniebk@yopmail.com;kogrcwybzvidmfxhnt;24
139779702460072;vbaoxtzkjsel@yopmail.com;jgnzqupvehbaldkfycrt;54
139779702460216;nzbwyhcjulaospmr@yopmail.com;kofdheljpwvmxz;65
139779702460360;bgrzmucindyxlwesafpo@yopmail.com;kjamcpzyqluwntebhf;71
139779702460568;plhgeanbmjcrudoitxwfy@yopmail.com;abgcotrequldfm;70
139779702460712;lbiavtqdoukmwjsefhx@yopmail.com;erzhxonlyftuqjcwbik;47
139779702460784;qdtvpmfbrgweo@yopmail.com;evsqanickjfptdrzbwx;26
139779702460928;bdlhegsjipfotnmrvwcu@yopmail.com;hyzkjopvnaibregtflus;30
139779702461000;tyzleqajgfwvhi@yopmail.com;vfxsjdwnzuribg;25
139779702461144;ucbmvlyhptsjzorwne@yopmail.com;suohnkvmgrwi;71
139779702461216;acdkmpbtijsely@yopmail.com;qpkiumojacgshztbe;63
139779702461360;caqfhmdpotyvrizkgwenx@yopmail.com;enchfkbqiyptxmrulvosd;42
139779702461432;xpratfoesgy@yopmail.com;cqtnudxgblyomhpvwfk;53
139779702461576;wcozekfpsrdtibjmqg@yopmail.com;yxiotegczlnfdjrsp;74
139779702461720;yhmirgcxuwojneslk@yopmail.com;rjmbyzkuvsohipxglecfd;65
139779702461792;vljdfybsgirnuh@yopmail.com;skmulyenifvbd;30
139779702461864;daeozyfqucx@yopmail.com;mpgsehwryjb;53
139779702462008;fhxvabdntsyzqukro@yopmail.com;kgstmqljirfcwd;73
139779702462080;pfikanvtsermb@yopmail.com;kuagesithqwdzomp;54
139779702462224;kjqpugloirstzhxc@yopmail.com;gnfsczpixljodakem;45
139779702462296;vzbfcpxhlyngwte@yopmail.com;qyezoafignrcvbhkum;71
139779702462368;rkotdalznyxwegh@yopmail.com;mksvfhluxgjrwaodny;51
139779702462440;refojzxbdscy@yopmail.com;zmuishpnfdgtry;18
139779702462512;rvqcdtyhuswezpi@yopmail.com;somthanufkgjverdy;64
139779702462656;tabyrjhdxmeugnoz@yopmail.com;wncsmohikvlt;25
139779702462728;nwhlxdsbupckqya@yopmail.com;ojlxgbvwtyqf;72
139779702462872;ztxmqsfnihcaweprudo@yopmail.com;gziuxaevfyp;62
139779702463016;iwxlgdjcehkqoautyzvm@yopmail.com;ajnqlpyrexm;43
139779702463160;ievcopayqrfmxndbtwkjg@yopmail.com;utiasjvgpdkbhlyz;28
139779702463304;egatyfdvsjuhcmioblkzn@yopmail.com;jxetqpsrcn;54
139779702463448;uziotmqxawlrdsgphj@yopmail.com;reanvbjkmhwzfqgdy;73
139779702463520;bgwtjveqaflz@yopmail.com;xjnbkgcdwuyqvstlmihp;25
